web-scraper-order,web-scraper-start-url,pag,Data,Hora,Casa,Fora,Golos(Casa-Fora),Jornada
"1668125041-301","https://www.zerozero.pt/edition_matches.php?id=156405","","2021-08-06","20:15","Sporting","FC Vizela","3-0","J1"
"1668125041-302","https://www.zerozero.pt/edition_matches.php?id=156405","","2021-08-07","12:45","FC Arouca","Estoril Praia","0-2","J1"
"1668125041-303","https://www.zerozero.pt/edition_matches.php?id=156405","","2021-08-07","18:00","Moreirense","Benfica","1-2","J1"
"1668125041-304","https://www.zerozero.pt/edition_matches.php?id=156405","","2021-08-07","20:30","Marítimo","SC Braga","0-2","J1"
"1668125041-305","https://www.zerozero.pt/edition_matches.php?id=156405","","2021-08-08","15:30","CD Tondela","Santa Clara","3-0","J1"
"1668125041-306","https://www.zerozero.pt/edition_matches.php?id=156405","","2021-08-08","15:30","Vitória SC","Portimonense","0-1","J1"
"1668125041-307","https://www.zerozero.pt/edition_matches.php?id=156405","","2021-08-08","18:00","FC Porto","B SAD","2-0","J1"
"1668125041-308","https://www.zerozero.pt/edition_matches.php?id=156405","","2021-08-08","20:30","Paços de Ferreira","FC Famalicão","2-0","J1"
"1668125041-309","https://www.zerozero.pt/edition_matches.php?id=156405","","2021-08-09","20:15","Gil Vicente","Boavista","3-0","J1"
"1668125041-310","https://www.zerozero.pt/edition_matches.php?id=156405","","2021-08-13","20:15","Estoril Praia","Vitória SC","0-0","J2"
"1668125041-311","https://www.zerozero.pt/edition_matches.php?id=156405","","2021-08-14","15:30","FC Vizela","CD Tondela","2-1","J2"
"1668125041-312","https://www.zerozero.pt/edition_matches.php?id=156405","","2021-08-14","18:00","Benfica","FC Arouca","2-0","J2"
"1668125041-313","https://www.zerozero.pt/edition_matches.php?id=156405","","2021-08-14","20:30","SC Braga","Sporting","1-2","J2"
"1668125041-314","https://www.zerozero.pt/edition_matches.php?id=156405","","2021-08-15","15:30","Portimonense","Gil Vicente","0-1","J2"
"1668125041-315","https://www.zerozero.pt/edition_matches.php?id=156405","","2021-08-15","18:00","FC Famalicão","FC Porto","1-2","J2"
"1668125041-316","https://www.zerozero.pt/edition_matches.php?id=156405","","2021-08-15","20:30","Santa Clara","Moreirense","2-2","J2"
"1668125041-317","https://www.zerozero.pt/edition_matches.php?id=156405","","2021-08-16","19:00","Boavista","Paços de Ferreira","3-0","J2"
"1668125041-318","https://www.zerozero.pt/edition_matches.php?id=156405","","2021-08-16","21:15","B SAD","Marítimo","1-2","J2"
"1668125041-319","https://www.zerozero.pt/edition_matches.php?id=156405","","2021-08-20","19:00","FC Arouca","FC Famalicão","2-1","J3"
"1668125041-320","https://www.zerozero.pt/edition_matches.php?id=156405","","2021-08-20","21:15","Moreirense","SC Braga","2-3","J3"
"1668125041-321","https://www.zerozero.pt/edition_matches.php?id=156405","","2021-08-21","18:00","Gil Vicente","Benfica","0-2","J3"
"1668125041-322","https://www.zerozero.pt/edition_matches.php?id=156405","","2021-08-21","20:30","Sporting","B SAD","2-0","J3"
"1668125041-323","https://www.zerozero.pt/edition_matches.php?id=156405","","2021-08-22","15:30","CD Tondela","Portimonense","0-3","J3"
"1668125041-324","https://www.zerozero.pt/edition_matches.php?id=156405","","2021-08-22","18:00","Marítimo","FC Porto","1-1","J3"
"1668125041-325","https://www.zerozero.pt/edition_matches.php?id=156405","","2021-08-22","20:30","Vitória SC","FC Vizela","4-0","J3"
"1668125041-326","https://www.zerozero.pt/edition_matches.php?id=156405","","2021-08-23","19:00","Paços de Ferreira","Estoril Praia","1-3","J3"
"1668125041-327","https://www.zerozero.pt/edition_matches.php?id=156405","","2021-08-23","21:15","Boavista","Santa Clara","2-0","J3"
"1668125041-328","https://www.zerozero.pt/edition_matches.php?id=156405","","2021-08-27","19:00","B SAD","Moreirense","1-1","J4"
"1668125041-329","https://www.zerozero.pt/edition_matches.php?id=156405","","2021-08-27","21:15","Estoril Praia","Marítimo","2-1","J4"
"1668125041-330","https://www.zerozero.pt/edition_matches.php?id=156405","","2021-08-28","15:30","FC Vizela","Boavista","1-1","J4"
"1668125041-331","https://www.zerozero.pt/edition_matches.php?id=156405","","2021-08-28","18:00","FC Porto","FC Arouca","3-0","J4"
"1668125041-332","https://www.zerozero.pt/edition_matches.php?id=156405","","2021-08-28","20:30","FC Famalicão","Sporting","1-1","J4"
"1668125041-333","https://www.zerozero.pt/edition_matches.php?id=156405","","2021-08-29","18:00","Benfica","CD Tondela","2-1","J4"
"1668125041-334","https://www.zerozero.pt/edition_matches.php?id=156405","","2021-08-29","18:00","SC Braga","Vitória SC","0-0","J4"
"1668125041-335","https://www.zerozero.pt/edition_matches.php?id=156405","","2021-08-29","20:30","Portimonense","Paços de Ferreira","0-1","J4"
"1668125041-336","https://www.zerozero.pt/edition_matches.php?id=156405","","2021-08-29","20:30","Santa Clara","Gil Vicente","1-0","J4"
"1668125041-337","https://www.zerozero.pt/edition_matches.php?id=156405","","2021-09-11","15:30","Paços de Ferreira","SC Braga","0-0","J5"
"1668125041-338","https://www.zerozero.pt/edition_matches.php?id=156405","","2021-09-11","18:00","Santa Clara","Benfica","0-5","J5"
"1668125041-339","https://www.zerozero.pt/edition_matches.php?id=156405","","2021-09-11","20:30","Sporting","FC Porto","1-1","J5"
"1668125041-340","https://www.zerozero.pt/edition_matches.php?id=156405","","2021-09-12","15:30","Moreirense","FC Famalicão","2-2","J5"
"1668125041-341","https://www.zerozero.pt/edition_matches.php?id=156405","","2021-09-12","18:00","Gil Vicente","FC Vizela","2-2","J5"
"1668125041-342","https://www.zerozero.pt/edition_matches.php?id=156405","","2021-09-12","18:00","Boavista","Portimonense","1-1","J5"
"1668125041-343","https://www.zerozero.pt/edition_matches.php?id=156405","","2021-09-12","20:30","Vitória SC","B SAD","0-0","J5"
"1668125041-344","https://www.zerozero.pt/edition_matches.php?id=156405","","2021-09-13","19:00","Marítimo","FC Arouca","2-2","J5"
"1668125041-345","https://www.zerozero.pt/edition_matches.php?id=156405","","2021-09-13","21:15","CD Tondela","Estoril Praia","1-2","J5"
"1668125041-346","https://www.zerozero.pt/edition_matches.php?id=156405","","2021-09-17","20:15","Portimonense","Santa Clara","2-1","J6"
"1668125041-347","https://www.zerozero.pt/edition_matches.php?id=156405","","2021-09-18","15:30","FC Famalicão","Marítimo","0-0","J6"
"1668125041-348","https://www.zerozero.pt/edition_matches.php?id=156405","","2021-09-18","18:00","B SAD","Gil Vicente","1-1","J6"
"1668125041-349","https://www.zerozero.pt/edition_matches.php?id=156405","","2021-09-18","20:30","FC Arouca","Vitória SC","2-2","J6"
"1668125041-350","https://www.zerozero.pt/edition_matches.php?id=156405","","2021-09-19","15:30","FC Vizela","Paços de Ferreira","1-1","J6"
"1668125044-351","https://www.zerozero.pt/edition_matches.php?id=156405","https://www.zerozero.pt/edition_matches.php?id_edicao=156405&fase_in&equipa=0&estado=&filtro=&op=calendario&page=6","2022-04-03","20:30","Sporting","Paços de Ferreira","2-0","J28"
"1668125044-352","https://www.zerozero.pt/edition_matches.php?id=156405","https://www.zerozero.pt/edition_matches.php?id_edicao=156405&fase_in&equipa=0&estado=&filtro=&op=calendario&page=6","2022-04-04","20:15","FC Porto","Santa Clara","3-0","J28"
"1668125044-353","https://www.zerozero.pt/edition_matches.php?id=156405","https://www.zerozero.pt/edition_matches.php?id_edicao=156405&fase_in&equipa=0&estado=&filtro=&op=calendario&page=6","2022-04-08","20:15","Gil Vicente","Moreirense","1-2","J29"
"1668125044-354","https://www.zerozero.pt/edition_matches.php?id=156405","https://www.zerozero.pt/edition_matches.php?id_edicao=156405&fase_in&equipa=0&estado=&filtro=&op=calendario&page=6","2022-04-09","15:30","Paços de Ferreira","Marítimo","2-0","J29"
"1668125044-355","https://www.zerozero.pt/edition_matches.php?id=156405","https://www.zerozero.pt/edition_matches.php?id_edicao=156405&fase_in&equipa=0&estado=&filtro=&op=calendario&page=6","2022-04-09","18:00","Boavista","FC Arouca","1-0","J29"
"1668125044-356","https://www.zerozero.pt/edition_matches.php?id=156405","https://www.zerozero.pt/edition_matches.php?id_edicao=156405&fase_in&equipa=0&estado=&filtro=&op=calendario&page=6","2022-04-09","18:00","Benfica","B SAD","3-1","J29"
"1668125044-357","https://www.zerozero.pt/edition_matches.php?id=156405","https://www.zerozero.pt/edition_matches.php?id_edicao=156405&fase_in&equipa=0&estado=&filtro=&op=calendario&page=6","2022-04-09","20:30","CD Tondela","Sporting","1-3","J29"
"1668125044-358","https://www.zerozero.pt/edition_matches.php?id=156405","https://www.zerozero.pt/edition_matches.php?id_edicao=156405&fase_in&equipa=0&estado=&filtro=&op=calendario&page=6","2022-04-10","15:30","Santa Clara","Estoril Praia","2-0","J29"
"1668125044-359","https://www.zerozero.pt/edition_matches.php?id=156405","https://www.zerozero.pt/edition_matches.php?id_edicao=156405&fase_in&equipa=0&estado=&filtro=&op=calendario&page=6","2022-04-10","15:30","Portimonense","FC Famalicão","1-0","J29"
"1668125044-360","https://www.zerozero.pt/edition_matches.php?id=156405","https://www.zerozero.pt/edition_matches.php?id_edicao=156405&fase_in&equipa=0&estado=&filtro=&op=calendario&page=6","2022-04-10","18:00","Vitória SC","FC Porto","0-1","J29"
"1668125044-361","https://www.zerozero.pt/edition_matches.php?id=156405","https://www.zerozero.pt/edition_matches.php?id_edicao=156405&fase_in&equipa=0&estado=&filtro=&op=calendario&page=6","2022-04-10","20:30","FC Vizela","SC Braga","0-1","J29"
"1668125044-362","https://www.zerozero.pt/edition_matches.php?id=156405","https://www.zerozero.pt/edition_matches.php?id_edicao=156405&fase_in&equipa=0&estado=&filtro=&op=calendario&page=6","2022-04-15","15:30","FC Arouca","Santa Clara","1-1","J30"
"1668125044-363","https://www.zerozero.pt/edition_matches.php?id=156405","https://www.zerozero.pt/edition_matches.php?id_edicao=156405&fase_in&equipa=0&estado=&filtro=&op=calendario&page=6","2022-04-15","18:00","FC Famalicão","Gil Vicente","2-2","J30"
"1668125044-364","https://www.zerozero.pt/edition_matches.php?id=156405","https://www.zerozero.pt/edition_matches.php?id_edicao=156405&fase_in&equipa=0&estado=&filtro=&op=calendario&page=6","2022-04-15","20:30","Vitória SC","Paços de Ferreira","4-0","J30"
"1668125044-365","https://www.zerozero.pt/edition_matches.php?id=156405","https://www.zerozero.pt/edition_matches.php?id_edicao=156405&fase_in&equipa=0&estado=&filtro=&op=calendario&page=6","2022-04-16","15:30","Moreirense","CD Tondela","2-0","J30"
"1668125044-366","https://www.zerozero.pt/edition_matches.php?id=156405","https://www.zerozero.pt/edition_matches.php?id_edicao=156405&fase_in&equipa=0&estado=&filtro=&op=calendario&page=6","2022-04-16","18:00","Marítimo","Boavista","4-0","J30"
"1668125044-367","https://www.zerozero.pt/edition_matches.php?id=156405","https://www.zerozero.pt/edition_matches.php?id_edicao=156405&fase_in&equipa=0&estado=&filtro=&op=calendario&page=6","2022-04-16","18:00","B SAD","FC Vizela","1-0","J30"
"1668125044-368","https://www.zerozero.pt/edition_matches.php?id=156405","https://www.zerozero.pt/edition_matches.php?id_edicao=156405&fase_in&equipa=0&estado=&filtro=&op=calendario&page=6","2022-04-16","20:30","FC Porto","Portimonense","7-0","J30"
"1668125044-369","https://www.zerozero.pt/edition_matches.php?id=156405","https://www.zerozero.pt/edition_matches.php?id_edicao=156405&fase_in&equipa=0&estado=&filtro=&op=calendario&page=6","2022-04-17","20:30","Sporting","Benfica","0-2","J30"
"1668125044-370","https://www.zerozero.pt/edition_matches.php?id=156405","https://www.zerozero.pt/edition_matches.php?id_edicao=156405&fase_in&equipa=0&estado=&filtro=&op=calendario&page=6","2022-04-18","20:30","Estoril Praia","SC Braga","0-0","J30"
"1668125044-371","https://www.zerozero.pt/edition_matches.php?id=156405","https://www.zerozero.pt/edition_matches.php?id_edicao=156405&fase_in&equipa=0&estado=&filtro=&op=calendario&page=6","2022-04-22","20:15","FC Vizela","FC Arouca","2-1","J31"
"1668125044-372","https://www.zerozero.pt/edition_matches.php?id=156405","https://www.zerozero.pt/edition_matches.php?id_edicao=156405&fase_in&equipa=0&estado=&filtro=&op=calendario&page=6","2022-04-23","15:30","Portimonense","Moreirense","1-0","J31"
"1668125044-373","https://www.zerozero.pt/edition_matches.php?id=156405","https://www.zerozero.pt/edition_matches.php?id_edicao=156405&fase_in&equipa=0&estado=&filtro=&op=calendario&page=6","2022-04-23","18:00","Benfica","FC Famalicão","0-0","J31"
"1668125044-374","https://www.zerozero.pt/edition_matches.php?id=156405","https://www.zerozero.pt/edition_matches.php?id_edicao=156405&fase_in&equipa=0&estado=&filtro=&op=calendario&page=6","2022-04-23","18:00","Santa Clara","Marítimo","2-2","J31"
"1668125044-375","https://www.zerozero.pt/edition_matches.php?id=156405","https://www.zerozero.pt/edition_matches.php?id_edicao=156405&fase_in&equipa=0&estado=&filtro=&op=calendario&page=6","2022-04-23","20:30","Gil Vicente","Paços de Ferreira","1-1","J31"
"1668125044-376","https://www.zerozero.pt/edition_matches.php?id=156405","https://www.zerozero.pt/edition_matches.php?id_edicao=156405&fase_in&equipa=0&estado=&filtro=&op=calendario&page=6","2022-04-24","18:00","Estoril Praia","B SAD","2-2","J31"
"1668125044-377","https://www.zerozero.pt/edition_matches.php?id=156405","https://www.zerozero.pt/edition_matches.php?id_edicao=156405&fase_in&equipa=0&estado=&filtro=&op=calendario&page=6","2022-04-24","20:30","CD Tondela","Vitória SC","1-1","J31"
"1668125044-378","https://www.zerozero.pt/edition_matches.php?id=156405","https://www.zerozero.pt/edition_matches.php?id_edicao=156405&fase_in&equipa=0&estado=&filtro=&op=calendario&page=6","2022-04-25","18:00","SC Braga","FC Porto","1-0","J31"
"1668125044-379","https://www.zerozero.pt/edition_matches.php?id=156405","https://www.zerozero.pt/edition_matches.php?id_edicao=156405&fase_in&equipa=0&estado=&filtro=&op=calendario&page=6","2022-04-25","20:30","Boavista","Sporting","0-3","J31"
"1668125044-380","https://www.zerozero.pt/edition_matches.php?id=156405","https://www.zerozero.pt/edition_matches.php?id_edicao=156405&fase_in&equipa=0&estado=&filtro=&op=calendario&page=6","2022-04-29","20:15","FC Famalicão","Estoril Praia","3-1","J32"
"1668125044-381","https://www.zerozero.pt/edition_matches.php?id=156405","https://www.zerozero.pt/edition_matches.php?id_edicao=156405&fase_in&equipa=0&estado=&filtro=&op=calendario&page=6","2022-04-30","15:00","FC Arouca","Portimonense","1-0","J32"
"1668125044-382","https://www.zerozero.pt/edition_matches.php?id=156405","https://www.zerozero.pt/edition_matches.php?id_edicao=156405&fase_in&equipa=0&estado=&filtro=&op=calendario&page=6","2022-04-30","17:00","Marítimo","Benfica","0-1","J32"
"1668125044-383","https://www.zerozero.pt/edition_matches.php?id=156405","https://www.zerozero.pt/edition_matches.php?id_edicao=156405&fase_in&equipa=0&estado=&filtro=&op=calendario&page=6","2022-04-30","19:00","FC Porto","FC Vizela","4-2","J32"
"1668125044-384","https://www.zerozero.pt/edition_matches.php?id=156405","https://www.zerozero.pt/edition_matches.php?id_edicao=156405&fase_in&equipa=0&estado=&filtro=&op=calendario&page=6","2022-04-30","21:00","B SAD","SC Braga","0-1","J32"
"1668125044-385","https://www.zerozero.pt/edition_matches.php?id=156405","https://www.zerozero.pt/edition_matches.php?id_edicao=156405&fase_in&equipa=0&estado=&filtro=&op=calendario&page=6","2022-05-01","15:30","Vitória SC","Santa Clara","1-1","J32"
"1668125044-386","https://www.zerozero.pt/edition_matches.php?id=156405","https://www.zerozero.pt/edition_matches.php?id_edicao=156405&fase_in&equipa=0&estado=&filtro=&op=calendario&page=6","2022-05-01","18:00","Moreirense","Boavista","1-2","J32"
"1668125044-387","https://www.zerozero.pt/edition_matches.php?id=156405","https://www.zerozero.pt/edition_matches.php?id_edicao=156405&fase_in&equipa=0&estado=&filtro=&op=calendario&page=6","2022-05-01","20:30","Sporting","Gil Vicente","4-1","J32"
"1668125044-388","https://www.zerozero.pt/edition_matches.php?id=156405","https://www.zerozero.pt/edition_matches.php?id_edicao=156405&fase_in&equipa=0&estado=&filtro=&op=calendario&page=6","2022-05-02","20:15","Paços de Ferreira","CD Tondela","1-1","J32"
"1668125044-389","https://www.zerozero.pt/edition_matches.php?id=156405","https://www.zerozero.pt/edition_matches.php?id_edicao=156405&fase_in&equipa=0&estado=&filtro=&op=calendario&page=6","2022-05-06","20:15","Boavista","Vitória SC","1-1","J33"
"1668125044-390","https://www.zerozero.pt/edition_matches.php?id=156405","https://www.zerozero.pt/edition_matches.php?id_edicao=156405&fase_in&equipa=0&estado=&filtro=&op=calendario&page=6","2022-05-07","15:30","Estoril Praia","Moreirense","1-0","J33"
"1668125044-391","https://www.zerozero.pt/edition_matches.php?id=156405","https://www.zerozero.pt/edition_matches.php?id_edicao=156405&fase_in&equipa=0&estado=&filtro=&op=calendario&page=6","2022-05-07","18:00","Benfica","FC Porto","0-1","J33"
"1668125044-392","https://www.zerozero.pt/edition_matches.php?id=156405","https://www.zerozero.pt/edition_matches.php?id_edicao=156405&fase_in&equipa=0&estado=&filtro=&op=calendario&page=6","2022-05-07","20:30","Portimonense","Sporting","2-3","J33"
"1668125044-393","https://www.zerozero.pt/edition_matches.php?id=156405","https://www.zerozero.pt/edition_matches.php?id_edicao=156405&fase_in&equipa=0&estado=&filtro=&op=calendario&page=6","2022-05-08","15:30","FC Vizela","Marítimo","1-1","J33"
"1668125044-394","https://www.zerozero.pt/edition_matches.php?id=156405","https://www.zerozero.pt/edition_matches.php?id_edicao=156405&fase_in&equipa=0&estado=&filtro=&op=calendario&page=6","2022-05-08","15:30","Gil Vicente","CD Tondela","3-0","J33"
"1668125044-395","https://www.zerozero.pt/edition_matches.php?id=156405","https://www.zerozero.pt/edition_matches.php?id_edicao=156405&fase_in&equipa=0&estado=&filtro=&op=calendario&page=6","2022-05-08","18:00","SC Braga","FC Arouca","1-0","J33"
"1668125044-396","https://www.zerozero.pt/edition_matches.php?id=156405","https://www.zerozero.pt/edition_matches.php?id_edicao=156405&fase_in&equipa=0&estado=&filtro=&op=calendario&page=6","2022-05-08","20:30","Santa Clara","Paços de Ferreira","2-0","J33"
"1668125044-397","https://www.zerozero.pt/edition_matches.php?id=156405","https://www.zerozero.pt/edition_matches.php?id_edicao=156405&fase_in&equipa=0&estado=&filtro=&op=calendario&page=6","2022-05-09","20:15","B SAD","FC Famalicão","2-3","J33"
"1668125044-398","https://www.zerozero.pt/edition_matches.php?id=156405","https://www.zerozero.pt/edition_matches.php?id_edicao=156405&fase_in&equipa=0&estado=&filtro=&op=calendario&page=6","2022-05-13","20:15","Paços de Ferreira","Benfica","0-2","J34"
"1668125044-399","https://www.zerozero.pt/edition_matches.php?id=156405","https://www.zerozero.pt/edition_matches.php?id_edicao=156405&fase_in&equipa=0&estado=&filtro=&op=calendario&page=6","2022-05-14","15:30","CD Tondela","Boavista","2-2","J34"
"1668125044-400","https://www.zerozero.pt/edition_matches.php?id=156405","https://www.zerozero.pt/edition_matches.php?id_edicao=156405&fase_in&equipa=0&estado=&filtro=&op=calendario&page=6","2022-05-14","15:30","Moreirense","FC Vizela","4-1","J34"
"1668125049-401","https://www.zerozero.pt/edition_matches.php?id=156405","https://www.zerozero.pt/edition_matches.php?id_edicao=156405&fase_in&equipa=0&estado=&filtro=&op=calendario&page=5","2022-02-19","18:00","Paços de Ferreira","FC Vizela","2-1","J23"
"1668125049-402","https://www.zerozero.pt/edition_matches.php?id=156405","https://www.zerozero.pt/edition_matches.php?id_edicao=156405&fase_in&equipa=0&estado=&filtro=&op=calendario&page=5","2022-02-19","20:30","Vitória SC","FC Arouca","1-3","J23"
"1668125049-403","https://www.zerozero.pt/edition_matches.php?id=156405","https://www.zerozero.pt/edition_matches.php?id_edicao=156405&fase_in&equipa=0&estado=&filtro=&op=calendario&page=5","2022-02-20","15:30","Marítimo","FC Famalicão","0-1","J23"
"1668125049-404","https://www.zerozero.pt/edition_matches.php?id=156405","https://www.zerozero.pt/edition_matches.php?id_edicao=156405&fase_in&equipa=0&estado=&filtro=&op=calendario&page=5","2022-02-20","18:00","Sporting","Estoril Praia","3-0","J23"
"1668125049-405","https://www.zerozero.pt/edition_matches.php?id=156405","https://www.zerozero.pt/edition_matches.php?id_edicao=156405&fase_in&equipa=0&estado=&filtro=&op=calendario&page=5","2022-02-20","20:00","Moreirense","FC Porto","0-1","J23"
"1668125049-406","https://www.zerozero.pt/edition_matches.php?id=156405","https://www.zerozero.pt/edition_matches.php?id_edicao=156405&fase_in&equipa=0&estado=&filtro=&op=calendario&page=5","2022-02-20","20:45","CD Tondela","SC Braga","0-1","J23"
"1668125049-407","https://www.zerozero.pt/edition_matches.php?id=156405","https://www.zerozero.pt/edition_matches.php?id_edicao=156405&fase_in&equipa=0&estado=&filtro=&op=calendario&page=5","2022-02-21","20:15","Santa Clara","Portimonense","1-1","J23"
"1668125049-408","https://www.zerozero.pt/edition_matches.php?id=156405","https://www.zerozero.pt/edition_matches.php?id_edicao=156405&fase_in&equipa=0&estado=&filtro=&op=calendario&page=5","2022-02-25","20:15","B SAD","Paços de Ferreira","0-2","J24"
"1668125049-409","https://www.zerozero.pt/edition_matches.php?id=156405","https://www.zerozero.pt/edition_matches.php?id_edicao=156405&fase_in&equipa=0&estado=&filtro=&op=calendario&page=5","2022-02-26","15:30","FC Famalicão","CD Tondela","2-1","J24"
"1668125049-410","https://www.zerozero.pt/edition_matches.php?id=156405","https://www.zerozero.pt/edition_matches.php?id_edicao=156405&fase_in&equipa=0&estado=&filtro=&op=calendario&page=5","2022-02-26","18:00","Marítimo","Sporting","1-1","J24"
"1668125049-411","https://www.zerozero.pt/edition_matches.php?id=156405","https://www.zerozero.pt/edition_matches.php?id_edicao=156405&fase_in&equipa=0&estado=&filtro=&op=calendario&page=5","2022-02-26","20:30","FC Arouca","Moreirense","1-1","J24"
"1668125049-412","https://www.zerozero.pt/edition_matches.php?id=156405","https://www.zerozero.pt/edition_matches.php?id_edicao=156405&fase_in&equipa=0&estado=&filtro=&op=calendario&page=5","2022-02-27","15:30","FC Vizela","Portimonense","1-1","J24"
"1668125049-413","https://www.zerozero.pt/edition_matches.php?id=156405","https://www.zerozero.pt/edition_matches.php?id_edicao=156405&fase_in&equipa=0&estado=&filtro=&op=calendario&page=5","2022-02-27","18:00","Benfica","Vitória SC","3-0","J24"
"1668125049-414","https://www.zerozero.pt/edition_matches.php?id=156405","https://www.zerozero.pt/edition_matches.php?id_edicao=156405&fase_in&equipa=0&estado=&filtro=&op=calendario&page=5","2022-02-27","18:00","Estoril Praia","Boavista","2-3","J24"
"1668125049-415","https://www.zerozero.pt/edition_matches.php?id=156405","https://www.zerozero.pt/edition_matches.php?id_edicao=156405&fase_in&equipa=0&estado=&filtro=&op=calendario&page=5","2022-02-27","20:30","FC Porto","Gil Vicente","1-1","J24"
"1668125049-416","https://www.zerozero.pt/edition_matches.php?id=156405","https://www.zerozero.pt/edition_matches.php?id_edicao=156405&fase_in&equipa=0&estado=&filtro=&op=calendario&page=5","2022-02-28","20:15","SC Braga","Santa Clara","0-0","J24"
"1668125049-417","https://www.zerozero.pt/edition_matches.php?id=156405","https://www.zerozero.pt/edition_matches.php?id_edicao=156405&fase_in&equipa=0&estado=&filtro=&op=calendario&page=5","2022-03-04","20:15","Gil Vicente","Estoril Praia","0-0","J25"
"1668125049-418","https://www.zerozero.pt/edition_matches.php?id=156405","https://www.zerozero.pt/edition_matches.php?id_edicao=156405&fase_in&equipa=0&estado=&filtro=&op=calendario&page=5","2022-03-05","15:30","Boavista","SC Braga","1-1","J25"
"1668125049-419","https://www.zerozero.pt/edition_matches.php?id=156405","https://www.zerozero.pt/edition_matches.php?id_edicao=156405&fase_in&equipa=0&estado=&filtro=&op=calendario&page=5","2022-03-05","18:00","Portimonense","Benfica","1-2","J25"
"1668125049-420","https://www.zerozero.pt/edition_matches.php?id=156405","https://www.zerozero.pt/edition_matches.php?id_edicao=156405&fase_in&equipa=0&estado=&filtro=&op=calendario&page=5","2022-03-05","20:30","Sporting","FC Arouca","2-0","J25"
"1668125049-421","https://www.zerozero.pt/edition_matches.php?id=156405","https://www.zerozero.pt/edition_matches.php?id_edicao=156405&fase_in&equipa=0&estado=&filtro=&op=calendario&page=5","2022-03-06","15:30","Moreirense","Marítimo","0-1","J25"
"1668125049-422","https://www.zerozero.pt/edition_matches.php?id=156405","https://www.zerozero.pt/edition_matches.php?id_edicao=156405&fase_in&equipa=0&estado=&filtro=&op=calendario&page=5","2022-03-06","18:00","Paços de Ferreira","FC Porto","2-4","J25"
"1668125049-423","https://www.zerozero.pt/edition_matches.php?id=156405","https://www.zerozero.pt/edition_matches.php?id_edicao=156405&fase_in&equipa=0&estado=&filtro=&op=calendario&page=5","2022-03-06","20:30","Santa Clara","FC Vizela","3-1","J25"
"1668125049-424","https://www.zerozero.pt/edition_matches.php?id=156405","https://www.zerozero.pt/edition_matches.php?id_edicao=156405&fase_in&equipa=0&estado=&filtro=&op=calendario&page=5","2022-03-06","20:30","Vitória SC","FC Famalicão","2-1","J25"
"1668125049-425","https://www.zerozero.pt/edition_matches.php?id=156405","https://www.zerozero.pt/edition_matches.php?id_edicao=156405&fase_in&equipa=0&estado=&filtro=&op=calendario&page=5","2022-03-07","20:15","CD Tondela","B SAD","1-1","J25"
"1668125049-426","https://www.zerozero.pt/edition_matches.php?id=156405","https://www.zerozero.pt/edition_matches.php?id_edicao=156405&fase_in&equipa=0&estado=&filtro=&op=calendario&page=5","2022-03-11","20:15","Benfica","FC Vizela","1-1","J26"
"1668125049-427","https://www.zerozero.pt/edition_matches.php?id=156405","https://www.zerozero.pt/edition_matches.php?id_edicao=156405&fase_in&equipa=0&estado=&filtro=&op=calendario&page=5","2022-03-12","15:30","Estoril Praia","Portimonense","2-0","J26"
"1668125049-428","https://www.zerozero.pt/edition_matches.php?id=156405","https://www.zerozero.pt/edition_matches.php?id_edicao=156405&fase_in&equipa=0&estado=&filtro=&op=calendario&page=5","2022-03-12","15:30","FC Famalicão","Santa Clara","0-0","J26"
"1668125049-429","https://www.zerozero.pt/edition_matches.php?id=156405","https://www.zerozero.pt/edition_matches.php?id_edicao=156405&fase_in&equipa=0&estado=&filtro=&op=calendario&page=5","2022-03-12","18:00","FC Arouca","Paços de Ferreira","0-1","J26"
"1668125049-430","https://www.zerozero.pt/edition_matches.php?id=156405","https://www.zerozero.pt/edition_matches.php?id_edicao=156405&fase_in&equipa=0&estado=&filtro=&op=calendario&page=5","2022-03-12","20:30","B SAD","Boavista","0-0","J26"
"1668125049-431","https://www.zerozero.pt/edition_matches.php?id=156405","https://www.zerozero.pt/edition_matches.php?id_edicao=156405&fase_in&equipa=0&estado=&filtro=&op=calendario&page=5","2022-03-13","15:30","Marítimo","Vitória SC","0-1","J26"
"1668125049-432","https://www.zerozero.pt/edition_matches.php?id=156405","https://www.zerozero.pt/edition_matches.php?id_edicao=156405&fase_in&equipa=0&estado=&filtro=&op=calendario&page=5","2022-03-13","18:00","FC Porto","CD Tondela","4-0","J26"
"1668125049-433","https://www.zerozero.pt/edition_matches.php?id=156405","https://www.zerozero.pt/edition_matches.php?id_edicao=156405&fase_in&equipa=0&estado=&filtro=&op=calendario&page=5","2022-03-13","20:30","SC Braga","Gil Vicente","0-1","J26"
"1668125049-434","https://www.zerozero.pt/edition_matches.php?id=156405","https://www.zerozero.pt/edition_matches.php?id_edicao=156405&fase_in&equipa=0&estado=&filtro=&op=calendario&page=5","2022-03-14","20:15","Moreirense","Sporting","0-2","J26"
"1668125049-435","https://www.zerozero.pt/edition_matches.php?id=156405","https://www.zerozero.pt/edition_matches.php?id_edicao=156405&fase_in&equipa=0&estado=&filtro=&op=calendario&page=5","2022-03-18","20:15","FC Vizela","FC Famalicão","1-1","J27"
"1668125049-436","https://www.zerozero.pt/edition_matches.php?id=156405","https://www.zerozero.pt/edition_matches.php?id_edicao=156405&fase_in&equipa=0&estado=&filtro=&op=calendario&page=5","2022-03-19","15:30","CD Tondela","FC Arouca","2-2","J27"
"1668125049-437","https://www.zerozero.pt/edition_matches.php?id=156405","https://www.zerozero.pt/edition_matches.php?id_edicao=156405&fase_in&equipa=0&estado=&filtro=&op=calendario&page=5","2022-03-19","18:00","Santa Clara","B SAD","0-0","J27"
"1668125049-438","https://www.zerozero.pt/edition_matches.php?id=156405","https://www.zerozero.pt/edition_matches.php?id_edicao=156405&fase_in&equipa=0&estado=&filtro=&op=calendario&page=5","2022-03-19","20:30","Vitória SC","Sporting","1-3","J27"
"1668125049-439","https://www.zerozero.pt/edition_matches.php?id=156405","https://www.zerozero.pt/edition_matches.php?id_edicao=156405&fase_in&equipa=0&estado=&filtro=&op=calendario&page=5","2022-03-20","15:30","Gil Vicente","Marítimo","1-1","J27"
"1668125049-440","https://www.zerozero.pt/edition_matches.php?id=156405","https://www.zerozero.pt/edition_matches.php?id_edicao=156405&fase_in&equipa=0&estado=&filtro=&op=calendario&page=5","2022-03-20","15:30","Paços de Ferreira","Moreirense","2-1","J27"
"1668125049-441","https://www.zerozero.pt/edition_matches.php?id=156405","https://www.zerozero.pt/edition_matches.php?id_edicao=156405&fase_in&equipa=0&estado=&filtro=&op=calendario&page=5","2022-03-20","18:00","Benfica","Estoril Praia","2-1","J27"
"1668125049-442","https://www.zerozero.pt/edition_matches.php?id=156405","https://www.zerozero.pt/edition_matches.php?id_edicao=156405&fase_in&equipa=0&estado=&filtro=&op=calendario&page=5","2022-03-20","20:00","Portimonense","SC Braga","1-2","J27"
"1668125049-443","https://www.zerozero.pt/edition_matches.php?id=156405","https://www.zerozero.pt/edition_matches.php?id_edicao=156405&fase_in&equipa=0&estado=&filtro=&op=calendario&page=5","2022-03-20","20:45","Boavista","FC Porto","0-1","J27"
"1668125049-444","https://www.zerozero.pt/edition_matches.php?id=156405","https://www.zerozero.pt/edition_matches.php?id_edicao=156405&fase_in&equipa=0&estado=&filtro=&op=calendario&page=5","2022-04-01","20:15","SC Braga","Benfica","3-2","J28"
"1668125049-445","https://www.zerozero.pt/edition_matches.php?id=156405","https://www.zerozero.pt/edition_matches.php?id_edicao=156405&fase_in&equipa=0&estado=&filtro=&op=calendario&page=5","2022-04-02","15:30","B SAD","Portimonense","2-0","J28"
"1668125049-446","https://www.zerozero.pt/edition_matches.php?id=156405","https://www.zerozero.pt/edition_matches.php?id_edicao=156405&fase_in&equipa=0&estado=&filtro=&op=calendario&page=5","2022-04-02","18:00","FC Arouca","Gil Vicente","2-1","J28"
"1668125049-447","https://www.zerozero.pt/edition_matches.php?id=156405","https://www.zerozero.pt/edition_matches.php?id_edicao=156405&fase_in&equipa=0&estado=&filtro=&op=calendario&page=5","2022-04-02","18:00","Estoril Praia","FC Vizela","1-2","J28"
"1668125049-448","https://www.zerozero.pt/edition_matches.php?id=156405","https://www.zerozero.pt/edition_matches.php?id_edicao=156405&fase_in&equipa=0&estado=&filtro=&op=calendario&page=5","2022-04-02","20:30","FC Famalicão","Boavista","1-2","J28"
"1668125049-449","https://www.zerozero.pt/edition_matches.php?id=156405","https://www.zerozero.pt/edition_matches.php?id_edicao=156405&fase_in&equipa=0&estado=&filtro=&op=calendario&page=5","2022-04-03","15:30","Marítimo","CD Tondela","1-3","J28"
"1668125049-450","https://www.zerozero.pt/edition_matches.php?id=156405","https://www.zerozero.pt/edition_matches.php?id_edicao=156405&fase_in&equipa=0&estado=&filtro=&op=calendario&page=5","2022-04-03","18:00","Moreirense","Vitória SC","0-1","J28"
"1668125052-451","https://www.zerozero.pt/edition_matches.php?id=156405","https://www.zerozero.pt/edition_matches.php?id_edicao=156405&fase_in&equipa=0&estado=&filtro=&op=calendario&page=4","2022-01-09","20:30","B SAD","FC Arouca","2-1","J17"
"1668125052-452","https://www.zerozero.pt/edition_matches.php?id=156405","https://www.zerozero.pt/edition_matches.php?id_edicao=156405&fase_in&equipa=0&estado=&filtro=&op=calendario&page=4","2022-01-10","20:15","Gil Vicente","Vitória SC","3-2","J17"
"1668125052-453","https://www.zerozero.pt/edition_matches.php?id=156405","https://www.zerozero.pt/edition_matches.php?id_edicao=156405&fase_in&equipa=0&estado=&filtro=&op=calendario&page=4","2022-01-13","18:00","FC Famalicão","B SAD","1-0","J16"
"1668125052-454","https://www.zerozero.pt/edition_matches.php?id=156405","https://www.zerozero.pt/edition_matches.php?id_edicao=156405&fase_in&equipa=0&estado=&filtro=&op=calendario&page=4","2022-01-15","15:30","Boavista","Gil Vicente","1-1","J18"
"1668125052-455","https://www.zerozero.pt/edition_matches.php?id=156405","https://www.zerozero.pt/edition_matches.php?id_edicao=156405&fase_in&equipa=0&estado=&filtro=&op=calendario&page=4","2022-01-15","18:00","Benfica","Moreirense","1-1","J18"
"1668125052-456","https://www.zerozero.pt/edition_matches.php?id=156405","https://www.zerozero.pt/edition_matches.php?id_edicao=156405&fase_in&equipa=0&estado=&filtro=&op=calendario&page=4","2022-01-15","18:00","SC Braga","Marítimo","0-1","J18"
"1668125052-457","https://www.zerozero.pt/edition_matches.php?id=156405","https://www.zerozero.pt/edition_matches.php?id_edicao=156405&fase_in&equipa=0&estado=&filtro=&op=calendario&page=4","2022-01-16","15:30","Santa Clara","CD Tondela","2-2","J18"
"1668125052-458","https://www.zerozero.pt/edition_matches.php?id=156405","https://www.zerozero.pt/edition_matches.php?id_edicao=156405&fase_in&equipa=0&estado=&filtro=&op=calendario&page=4","2022-01-16","18:00","FC Vizela","Sporting","0-2","J18"
"1668125052-459","https://www.zerozero.pt/edition_matches.php?id=156405","https://www.zerozero.pt/edition_matches.php?id_edicao=156405&fase_in&equipa=0&estado=&filtro=&op=calendario&page=4","2022-01-16","18:30","FC Famalicão","Paços de Ferreira","0-0","J18"
"1668125052-460","https://www.zerozero.pt/edition_matches.php?id=156405","https://www.zerozero.pt/edition_matches.php?id_edicao=156405&fase_in&equipa=0&estado=&filtro=&op=calendario&page=4","2022-01-16","20:30","B SAD","FC Porto","1-4","J18"
"1668125052-461","https://www.zerozero.pt/edition_matches.php?id=156405","https://www.zerozero.pt/edition_matches.php?id_edicao=156405&fase_in&equipa=0&estado=&filtro=&op=calendario&page=4","2022-01-17","20:15","Portimonense","Vitória SC","1-1","J18"
"1668125052-462","https://www.zerozero.pt/edition_matches.php?id=156405","https://www.zerozero.pt/edition_matches.php?id_edicao=156405&fase_in&equipa=0&estado=&filtro=&op=calendario&page=4","2022-01-21","19:00","FC Arouca","Benfica","0-2","J19"
"1668125052-463","https://www.zerozero.pt/edition_matches.php?id=156405","https://www.zerozero.pt/edition_matches.php?id_edicao=156405&fase_in&equipa=0&estado=&filtro=&op=calendario&page=4","2022-01-21","21:15","Paços de Ferreira","Boavista","1-1","J19"
"1668125052-464","https://www.zerozero.pt/edition_matches.php?id=156405","https://www.zerozero.pt/edition_matches.php?id_edicao=156405&fase_in&equipa=0&estado=&filtro=&op=calendario&page=4","2022-01-22","15:30","Moreirense","Santa Clara","0-2","J19"
"1668125052-465","https://www.zerozero.pt/edition_matches.php?id=156405","https://www.zerozero.pt/edition_matches.php?id_edicao=156405&fase_in&equipa=0&estado=&filtro=&op=calendario&page=4","2022-01-22","18:00","CD Tondela","FC Vizela","2-3","J19"
"1668125052-466","https://www.zerozero.pt/edition_matches.php?id=156405","https://www.zerozero.pt/edition_matches.php?id_edicao=156405&fase_in&equipa=0&estado=&filtro=&op=calendario&page=4","2022-01-22","20:30","Sporting","SC Braga","1-2","J19"
"1668125052-467","https://www.zerozero.pt/edition_matches.php?id=156405","https://www.zerozero.pt/edition_matches.php?id_edicao=156405&fase_in&equipa=0&estado=&filtro=&op=calendario&page=4","2022-01-23","15:30","Marítimo","B SAD","1-1","J19"
"1668125052-468","https://www.zerozero.pt/edition_matches.php?id=156405","https://www.zerozero.pt/edition_matches.php?id_edicao=156405&fase_in&equipa=0&estado=&filtro=&op=calendario&page=4","2022-01-23","15:30","Vitória SC","Estoril Praia","3-1","J19"
"1668125052-469","https://www.zerozero.pt/edition_matches.php?id=156405","https://www.zerozero.pt/edition_matches.php?id_edicao=156405&fase_in&equipa=0&estado=&filtro=&op=calendario&page=4","2022-01-23","18:00","Gil Vicente","Portimonense","1-0","J19"
"1668125052-470","https://www.zerozero.pt/edition_matches.php?id=156405","https://www.zerozero.pt/edition_matches.php?id_edicao=156405&fase_in&equipa=0&estado=&filtro=&op=calendario&page=4","2022-01-23","20:30","FC Porto","FC Famalicão","3-1","J19"
"1668125052-471","https://www.zerozero.pt/edition_matches.php?id=156405","https://www.zerozero.pt/edition_matches.php?id_edicao=156405&fase_in&equipa=0&estado=&filtro=&op=calendario&page=4","2022-01-27","20:15","Estoril Praia","FC Arouca","1-2","J18"
"1668125052-472","https://www.zerozero.pt/edition_matches.php?id=156405","https://www.zerozero.pt/edition_matches.php?id_edicao=156405&fase_in&equipa=0&estado=&filtro=&op=calendario&page=4","2022-01-30","15:30","FC Vizela","Vitória SC","3-2","J20"
"1668125052-473","https://www.zerozero.pt/edition_matches.php?id=156405","https://www.zerozero.pt/edition_matches.php?id_edicao=156405&fase_in&equipa=0&estado=&filtro=&op=calendario&page=4","2022-01-30","15:30","Portimonense","CD Tondela","1-2","J20"
"1668125052-474","https://www.zerozero.pt/edition_matches.php?id=156405","https://www.zerozero.pt/edition_matches.php?id_edicao=156405&fase_in&equipa=0&estado=&filtro=&op=calendario&page=4","2022-01-30","18:00","SC Braga","Moreirense","2-0","J20"
"1668125052-475","https://www.zerozero.pt/edition_matches.php?id=156405","https://www.zerozero.pt/edition_matches.php?id_edicao=156405&fase_in&equipa=0&estado=&filtro=&op=calendario&page=4","2022-01-30","20:30","FC Porto","Marítimo","2-1","J20"
"1668125052-476","https://www.zerozero.pt/edition_matches.php?id=156405","https://www.zerozero.pt/edition_matches.php?id_edicao=156405&fase_in&equipa=0&estado=&filtro=&op=calendario&page=4","2022-01-31","19:00","Estoril Praia","Paços de Ferreira","0-0","J20"
"1668125052-477","https://www.zerozero.pt/edition_matches.php?id=156405","https://www.zerozero.pt/edition_matches.php?id_edicao=156405&fase_in&equipa=0&estado=&filtro=&op=calendario&page=4","2022-01-31","21:15","FC Famalicão","FC Arouca","0-0","J20"
"1668125052-478","https://www.zerozero.pt/edition_matches.php?id=156405","https://www.zerozero.pt/edition_matches.php?id_edicao=156405&fase_in&equipa=0&estado=&filtro=&op=calendario&page=4","2022-02-01","20:15","Santa Clara","Boavista","2-1","J20"
"1668125052-479","https://www.zerozero.pt/edition_matches.php?id=156405","https://www.zerozero.pt/edition_matches.php?id_edicao=156405&fase_in&equipa=0&estado=&filtro=&op=calendario&page=4","2022-02-02","19:00","Benfica","Gil Vicente","1-2","J20"
"1668125052-480","https://www.zerozero.pt/edition_matches.php?id=156405","https://www.zerozero.pt/edition_matches.php?id_edicao=156405&fase_in&equipa=0&estado=&filtro=&op=calendario&page=4","2022-02-02","20:45","B SAD","Sporting","1-4","J20"
"1668125052-481","https://www.zerozero.pt/edition_matches.php?id=156405","https://www.zerozero.pt/edition_matches.php?id_edicao=156405&fase_in&equipa=0&estado=&filtro=&op=calendario&page=4","2022-02-05","15:30","Marítimo","Estoril Praia","0-0","J21"
"1668125052-482","https://www.zerozero.pt/edition_matches.php?id=156405","https://www.zerozero.pt/edition_matches.php?id_edicao=156405&fase_in&equipa=0&estado=&filtro=&op=calendario&page=4","2022-02-05","18:00","Paços de Ferreira","Portimonense","1-1","J21"
"1668125052-483","https://www.zerozero.pt/edition_matches.php?id=156405","https://www.zerozero.pt/edition_matches.php?id_edicao=156405&fase_in&equipa=0&estado=&filtro=&op=calendario&page=4","2022-02-05","20:30","Vitória SC","SC Braga","2-1","J21"
"1668125052-484","https://www.zerozero.pt/edition_matches.php?id=156405","https://www.zerozero.pt/edition_matches.php?id_edicao=156405&fase_in&equipa=0&estado=&filtro=&op=calendario&page=4","2022-02-06","15:30","Boavista","FC Vizela","2-2","J21"
"1668125052-485","https://www.zerozero.pt/edition_matches.php?id=156405","https://www.zerozero.pt/edition_matches.php?id_edicao=156405&fase_in&equipa=0&estado=&filtro=&op=calendario&page=4","2022-02-06","15:30","Gil Vicente","Santa Clara","2-2","J21"
"1668125052-486","https://www.zerozero.pt/edition_matches.php?id=156405","https://www.zerozero.pt/edition_matches.php?id_edicao=156405&fase_in&equipa=0&estado=&filtro=&op=calendario&page=4","2022-02-06","18:00","FC Arouca","FC Porto","0-2","J21"
"1668125052-487","https://www.zerozero.pt/edition_matches.php?id=156405","https://www.zerozero.pt/edition_matches.php?id_edicao=156405&fase_in&equipa=0&estado=&filtro=&op=calendario&page=4","2022-02-06","20:30","Sporting","FC Famalicão","2-0","J21"
"1668125052-488","https://www.zerozero.pt/edition_matches.php?id=156405","https://www.zerozero.pt/edition_matches.php?id_edicao=156405&fase_in&equipa=0&estado=&filtro=&op=calendario&page=4","2022-02-07","19:00","CD Tondela","Benfica","1-3","J21"
"1668125052-489","https://www.zerozero.pt/edition_matches.php?id=156405","https://www.zerozero.pt/edition_matches.php?id_edicao=156405&fase_in&equipa=0&estado=&filtro=&op=calendario&page=4","2022-02-07","21:15","Moreirense","B SAD","4-1","J21"
"1668125052-490","https://www.zerozero.pt/edition_matches.php?id=156405","https://www.zerozero.pt/edition_matches.php?id_edicao=156405&fase_in&equipa=0&estado=&filtro=&op=calendario&page=4","2022-02-11","20:15","FC Porto","Sporting","2-2","J22"
"1668125052-491","https://www.zerozero.pt/edition_matches.php?id=156405","https://www.zerozero.pt/edition_matches.php?id_edicao=156405&fase_in&equipa=0&estado=&filtro=&op=calendario&page=4","2022-02-12","15:30","SC Braga","Paços de Ferreira","2-1","J22"
"1668125052-492","https://www.zerozero.pt/edition_matches.php?id=156405","https://www.zerozero.pt/edition_matches.php?id_edicao=156405&fase_in&equipa=0&estado=&filtro=&op=calendario&page=4","2022-02-12","18:00","Portimonense","Boavista","1-1","J22"
"1668125052-493","https://www.zerozero.pt/edition_matches.php?id=156405","https://www.zerozero.pt/edition_matches.php?id_edicao=156405&fase_in&equipa=0&estado=&filtro=&op=calendario&page=4","2022-02-12","18:00","Benfica","Santa Clara","2-1","J22"
"1668125052-494","https://www.zerozero.pt/edition_matches.php?id=156405","https://www.zerozero.pt/edition_matches.php?id_edicao=156405&fase_in&equipa=0&estado=&filtro=&op=calendario&page=4","2022-02-12","20:30","Estoril Praia","CD Tondela","1-0","J22"
"1668125052-495","https://www.zerozero.pt/edition_matches.php?id=156405","https://www.zerozero.pt/edition_matches.php?id_edicao=156405&fase_in&equipa=0&estado=&filtro=&op=calendario&page=4","2022-02-13","15:30","FC Famalicão","Moreirense","5-0","J22"
"1668125052-496","https://www.zerozero.pt/edition_matches.php?id=156405","https://www.zerozero.pt/edition_matches.php?id_edicao=156405&fase_in&equipa=0&estado=&filtro=&op=calendario&page=4","2022-02-13","18:00","B SAD","Vitória SC","1-0","J22"
"1668125052-497","https://www.zerozero.pt/edition_matches.php?id=156405","https://www.zerozero.pt/edition_matches.php?id_edicao=156405&fase_in&equipa=0&estado=&filtro=&op=calendario&page=4","2022-02-13","20:30","FC Vizela","Gil Vicente","0-1","J22"
"1668125052-498","https://www.zerozero.pt/edition_matches.php?id=156405","https://www.zerozero.pt/edition_matches.php?id_edicao=156405&fase_in&equipa=0&estado=&filtro=&op=calendario&page=4","2022-02-14","20:15","FC Arouca","Marítimo","0-3","J22"
"1668125052-499","https://www.zerozero.pt/edition_matches.php?id=156405","https://www.zerozero.pt/edition_matches.php?id_edicao=156405&fase_in&equipa=0&estado=&filtro=&op=calendario&page=4","2022-02-18","20:15","Boavista","Benfica","2-2","J23"
"1668125052-500","https://www.zerozero.pt/edition_matches.php?id=156405","https://www.zerozero.pt/edition_matches.php?id_edicao=156405&fase_in&equipa=0&estado=&filtro=&op=calendario&page=4","2022-02-19","15:30","Gil Vicente","B SAD","2-0","J23"
"1668125055-501","https://www.zerozero.pt/edition_matches.php?id=156405","https://www.zerozero.pt/edition_matches.php?id_edicao=156405&fase_in&equipa=0&estado=&filtro=&op=calendario&page=3","2021-11-27","15:30","FC Famalicão","Portimonense","0-3","J12"
"1668125055-502","https://www.zerozero.pt/edition_matches.php?id=156405","https://www.zerozero.pt/edition_matches.php?id_edicao=156405&fase_in&equipa=0&estado=&filtro=&op=calendario&page=3","2021-11-27","18:00","FC Arouca","Boavista","2-1","J12"
"1668125055-503","https://www.zerozero.pt/edition_matches.php?id=156405","https://www.zerozero.pt/edition_matches.php?id_edicao=156405&fase_in&equipa=0&estado=&filtro=&op=calendario&page=3","2021-11-27","20:30","B SAD","Benfica","0-7","J12"
"1668125055-504","https://www.zerozero.pt/edition_matches.php?id=156405","https://www.zerozero.pt/edition_matches.php?id_edicao=156405&fase_in&equipa=0&estado=&filtro=&op=calendario&page=3","2021-11-28","15:30","Marítimo","Paços de Ferreira","2-0","J12"
"1668125055-505","https://www.zerozero.pt/edition_matches.php?id=156405","https://www.zerozero.pt/edition_matches.php?id_edicao=156405&fase_in&equipa=0&estado=&filtro=&op=calendario&page=3","2021-11-28","18:00","Sporting","CD Tondela","2-0","J12"
"1668125055-506","https://www.zerozero.pt/edition_matches.php?id=156405","https://www.zerozero.pt/edition_matches.php?id_edicao=156405&fase_in&equipa=0&estado=&filtro=&op=calendario&page=3","2021-11-28","20:30","FC Porto","Vitória SC","2-1","J12"
"1668125055-507","https://www.zerozero.pt/edition_matches.php?id=156405","https://www.zerozero.pt/edition_matches.php?id_edicao=156405&fase_in&equipa=0&estado=&filtro=&op=calendario&page=3","2021-11-29","20:15","Estoril Praia","Santa Clara","2-2","J12"
"1668125055-508","https://www.zerozero.pt/edition_matches.php?id=156405","https://www.zerozero.pt/edition_matches.php?id_edicao=156405&fase_in&equipa=0&estado=&filtro=&op=calendario&page=3","2021-11-30","20:15","SC Braga","FC Vizela","4-1","J12"
"1668125055-509","https://www.zerozero.pt/edition_matches.php?id=156405","https://www.zerozero.pt/edition_matches.php?id_edicao=156405&fase_in&equipa=0&estado=&filtro=&op=calendario&page=3","2021-12-03","19:00","Portimonense","FC Porto","0-3","J13"
"1668125055-510","https://www.zerozero.pt/edition_matches.php?id=156405","https://www.zerozero.pt/edition_matches.php?id_edicao=156405&fase_in&equipa=0&estado=&filtro=&op=calendario&page=3","2021-12-03","21:15","Benfica","Sporting","1-3","J13"
"1668125055-511","https://www.zerozero.pt/edition_matches.php?id=156405","https://www.zerozero.pt/edition_matches.php?id_edicao=156405&fase_in&equipa=0&estado=&filtro=&op=calendario&page=3","2021-12-04","18:00","Boavista","Marítimo","1-1","J13"
"1668125055-512","https://www.zerozero.pt/edition_matches.php?id=156405","https://www.zerozero.pt/edition_matches.php?id_edicao=156405&fase_in&equipa=0&estado=&filtro=&op=calendario&page=3","2021-12-04","20:30","Paços de Ferreira","Vitória SC","1-2","J13"
"1668125055-513","https://www.zerozero.pt/edition_matches.php?id=156405","https://www.zerozero.pt/edition_matches.php?id_edicao=156405&fase_in&equipa=0&estado=&filtro=&op=calendario&page=3","2021-12-05","15:30","Santa Clara","FC Arouca","2-1","J13"
"1668125055-514","https://www.zerozero.pt/edition_matches.php?id=156405","https://www.zerozero.pt/edition_matches.php?id_edicao=156405&fase_in&equipa=0&estado=&filtro=&op=calendario&page=3","2021-12-05","18:00","Gil Vicente","FC Famalicão","4-0","J13"
"1668125055-515","https://www.zerozero.pt/edition_matches.php?id=156405","https://www.zerozero.pt/edition_matches.php?id_edicao=156405&fase_in&equipa=0&estado=&filtro=&op=calendario&page=3","2021-12-05","20:30","SC Braga","Estoril Praia","2-0","J13"
"1668125055-516","https://www.zerozero.pt/edition_matches.php?id=156405","https://www.zerozero.pt/edition_matches.php?id_edicao=156405&fase_in&equipa=0&estado=&filtro=&op=calendario&page=3","2021-12-10","20:15","Paços de Ferreira","Gil Vicente","0-1","J14"
"1668125055-517","https://www.zerozero.pt/edition_matches.php?id=156405","https://www.zerozero.pt/edition_matches.php?id_edicao=156405&fase_in&equipa=0&estado=&filtro=&op=calendario&page=3","2021-12-11","15:30","Marítimo","Santa Clara","4-1","J14"
"1668125055-518","https://www.zerozero.pt/edition_matches.php?id=156405","https://www.zerozero.pt/edition_matches.php?id_edicao=156405&fase_in&equipa=0&estado=&filtro=&op=calendario&page=3","2021-12-11","18:00","Vitória SC","CD Tondela","5-2","J14"
"1668125055-519","https://www.zerozero.pt/edition_matches.php?id=156405","https://www.zerozero.pt/edition_matches.php?id_edicao=156405&fase_in&equipa=0&estado=&filtro=&op=calendario&page=3","2021-12-11","20:30","Sporting","Boavista","2-0","J14"
"1668125055-520","https://www.zerozero.pt/edition_matches.php?id=156405","https://www.zerozero.pt/edition_matches.php?id_edicao=156405&fase_in&equipa=0&estado=&filtro=&op=calendario&page=3","2021-12-12","15:30","Moreirense","Portimonense","0-1","J14"
"1668125055-521","https://www.zerozero.pt/edition_matches.php?id=156405","https://www.zerozero.pt/edition_matches.php?id_edicao=156405&fase_in&equipa=0&estado=&filtro=&op=calendario&page=3","2021-12-12","15:30","B SAD","Estoril Praia","0-1","J14"
"1668125055-522","https://www.zerozero.pt/edition_matches.php?id=156405","https://www.zerozero.pt/edition_matches.php?id_edicao=156405&fase_in&equipa=0&estado=&filtro=&op=calendario&page=3","2021-12-12","18:00","FC Famalicão","Benfica","1-4","J14"
"1668125055-523","https://www.zerozero.pt/edition_matches.php?id=156405","https://www.zerozero.pt/edition_matches.php?id_edicao=156405&fase_in&equipa=0&estado=&filtro=&op=calendario&page=3","2021-12-12","20:30","FC Porto","SC Braga","1-0","J14"
"1668125055-524","https://www.zerozero.pt/edition_matches.php?id=156405","https://www.zerozero.pt/edition_matches.php?id_edicao=156405&fase_in&equipa=0&estado=&filtro=&op=calendario&page=3","2021-12-13","20:15","FC Arouca","FC Vizela","1-4","J14"
"1668125055-525","https://www.zerozero.pt/edition_matches.php?id=156405","https://www.zerozero.pt/edition_matches.php?id_edicao=156405&fase_in&equipa=0&estado=&filtro=&op=calendario&page=3","2021-12-17","19:00","Santa Clara","Vitória SC","1-0","J15"
"1668125055-526","https://www.zerozero.pt/edition_matches.php?id=156405","https://www.zerozero.pt/edition_matches.php?id_edicao=156405&fase_in&equipa=0&estado=&filtro=&op=calendario&page=3","2021-12-17","21:15","Estoril Praia","FC Famalicão","2-2","J15"
"1668125055-527","https://www.zerozero.pt/edition_matches.php?id=156405","https://www.zerozero.pt/edition_matches.php?id_edicao=156405&fase_in&equipa=0&estado=&filtro=&op=calendario&page=3","2021-12-18","15:30","CD Tondela","Paços de Ferreira","0-1","J15"
"1668125055-528","https://www.zerozero.pt/edition_matches.php?id=156405","https://www.zerozero.pt/edition_matches.php?id_edicao=156405&fase_in&equipa=0&estado=&filtro=&op=calendario&page=3","2021-12-18","15:30","Portimonense","FC Arouca","1-1","J15"
"1668125055-529","https://www.zerozero.pt/edition_matches.php?id=156405","https://www.zerozero.pt/edition_matches.php?id_edicao=156405&fase_in&equipa=0&estado=&filtro=&op=calendario&page=3","2021-12-18","20:30","Gil Vicente","Sporting","0-3","J15"
"1668125055-530","https://www.zerozero.pt/edition_matches.php?id=156405","https://www.zerozero.pt/edition_matches.php?id_edicao=156405&fase_in&equipa=0&estado=&filtro=&op=calendario&page=3","2021-12-19","17:00","Boavista","Moreirense","1-0","J15"
"1668125055-531","https://www.zerozero.pt/edition_matches.php?id=156405","https://www.zerozero.pt/edition_matches.php?id_edicao=156405&fase_in&equipa=0&estado=&filtro=&op=calendario&page=3","2021-12-19","17:00","Benfica","Marítimo","7-1","J15"
"1668125055-532","https://www.zerozero.pt/edition_matches.php?id=156405","https://www.zerozero.pt/edition_matches.php?id_edicao=156405&fase_in&equipa=0&estado=&filtro=&op=calendario&page=3","2021-12-19","19:00","FC Vizela","FC Porto","0-4","J15"
"1668125055-533","https://www.zerozero.pt/edition_matches.php?id=156405","https://www.zerozero.pt/edition_matches.php?id_edicao=156405&fase_in&equipa=0&estado=&filtro=&op=calendario&page=3","2021-12-19","21:00","SC Braga","B SAD","1-0","J15"
"1668125055-534","https://www.zerozero.pt/edition_matches.php?id=156405","https://www.zerozero.pt/edition_matches.php?id_edicao=156405&fase_in&equipa=0&estado=&filtro=&op=calendario&page=3","2021-12-28","17:00","CD Tondela","Gil Vicente","0-3","J16"
"1668125055-535","https://www.zerozero.pt/edition_matches.php?id=156405","https://www.zerozero.pt/edition_matches.php?id_edicao=156405&fase_in&equipa=0&estado=&filtro=&op=calendario&page=3","2021-12-28","19:00","Marítimo","FC Vizela","2-0","J16"
"1668125055-536","https://www.zerozero.pt/edition_matches.php?id=156405","https://www.zerozero.pt/edition_matches.php?id_edicao=156405&fase_in&equipa=0&estado=&filtro=&op=calendario&page=3","2021-12-28","21:00","Moreirense","Estoril Praia","1-0","J16"
"1668125055-537","https://www.zerozero.pt/edition_matches.php?id=156405","https://www.zerozero.pt/edition_matches.php?id_edicao=156405&fase_in&equipa=0&estado=&filtro=&op=calendario&page=3","2021-12-29","19:00","Vitória SC","Boavista","1-1","J16"
"1668125055-538","https://www.zerozero.pt/edition_matches.php?id=156405","https://www.zerozero.pt/edition_matches.php?id_edicao=156405&fase_in&equipa=0&estado=&filtro=&op=calendario&page=3","2021-12-29","21:00","Sporting","Portimonense","3-2","J16"
"1668125055-539","https://www.zerozero.pt/edition_matches.php?id=156405","https://www.zerozero.pt/edition_matches.php?id_edicao=156405&fase_in&equipa=0&estado=&filtro=&op=calendario&page=3","2021-12-30","17:00","Paços de Ferreira","Santa Clara","2-1","J16"
"1668125055-540","https://www.zerozero.pt/edition_matches.php?id=156405","https://www.zerozero.pt/edition_matches.php?id_edicao=156405&fase_in&equipa=0&estado=&filtro=&op=calendario&page=3","2021-12-30","19:00","FC Arouca","SC Braga","0-6","J16"
"1668125055-541","https://www.zerozero.pt/edition_matches.php?id=156405","https://www.zerozero.pt/edition_matches.php?id_edicao=156405&fase_in&equipa=0&estado=&filtro=&op=calendario&page=3","2021-12-30","21:00","FC Porto","Benfica","3-1","J16"
"1668125055-542","https://www.zerozero.pt/edition_matches.php?id=156405","https://www.zerozero.pt/edition_matches.php?id_edicao=156405&fase_in&equipa=0&estado=&filtro=&op=calendario&page=3","2022-01-02","18:30","FC Vizela","B SAD","2-0","J13"
"1668125055-543","https://www.zerozero.pt/edition_matches.php?id=156405","https://www.zerozero.pt/edition_matches.php?id_edicao=156405&fase_in&equipa=0&estado=&filtro=&op=calendario&page=3","2022-01-03","20:15","CD Tondela","Moreirense","2-1","J13"
"1668125055-544","https://www.zerozero.pt/edition_matches.php?id=156405","https://www.zerozero.pt/edition_matches.php?id_edicao=156405&fase_in&equipa=0&estado=&filtro=&op=calendario&page=3","2022-01-07","18:30","Santa Clara","Sporting","3-2","J17"
"1668125055-545","https://www.zerozero.pt/edition_matches.php?id=156405","https://www.zerozero.pt/edition_matches.php?id_edicao=156405&fase_in&equipa=0&estado=&filtro=&op=calendario&page=3","2022-01-08","15:30","FC Vizela","Moreirense","0-1","J17"
"1668125055-546","https://www.zerozero.pt/edition_matches.php?id=156405","https://www.zerozero.pt/edition_matches.php?id_edicao=156405&fase_in&equipa=0&estado=&filtro=&op=calendario&page=3","2022-01-08","18:00","Estoril Praia","FC Porto","2-3","J17"
"1668125055-547","https://www.zerozero.pt/edition_matches.php?id=156405","https://www.zerozero.pt/edition_matches.php?id_edicao=156405&fase_in&equipa=0&estado=&filtro=&op=calendario&page=3","2022-01-08","20:30","Boavista","CD Tondela","1-1","J17"
"1668125055-548","https://www.zerozero.pt/edition_matches.php?id=156405","https://www.zerozero.pt/edition_matches.php?id_edicao=156405&fase_in&equipa=0&estado=&filtro=&op=calendario&page=3","2022-01-09","15:30","Portimonense","Marítimo","1-2","J17"
"1668125055-549","https://www.zerozero.pt/edition_matches.php?id=156405","https://www.zerozero.pt/edition_matches.php?id_edicao=156405&fase_in&equipa=0&estado=&filtro=&op=calendario&page=3","2022-01-09","18:00","Benfica","Paços de Ferreira","2-0","J17"
"1668125055-550","https://www.zerozero.pt/edition_matches.php?id=156405","https://www.zerozero.pt/edition_matches.php?id_edicao=156405&fase_in&equipa=0&estado=&filtro=&op=calendario&page=3","2022-01-09","18:00","SC Braga","FC Famalicão","2-2","J17"
"1668125058-551","https://www.zerozero.pt/edition_matches.php?id=156405","https://www.zerozero.pt/edition_matches.php?id_edicao=156405&fase_in&equipa=0&estado=&filtro=&op=calendario&page=2","2021-09-19","18:00","FC Porto","Moreirense","5-0","J6"
"1668125058-552","https://www.zerozero.pt/edition_matches.php?id=156405","https://www.zerozero.pt/edition_matches.php?id_edicao=156405&fase_in&equipa=0&estado=&filtro=&op=calendario&page=2","2021-09-19","20:30","Estoril Praia","Sporting","0-1","J6"
"1668125058-553","https://www.zerozero.pt/edition_matches.php?id=156405","https://www.zerozero.pt/edition_matches.php?id_edicao=156405&fase_in&equipa=0&estado=&filtro=&op=calendario&page=2","2021-09-20","19:00","Benfica","Boavista","3-1","J6"
"1668125058-554","https://www.zerozero.pt/edition_matches.php?id=156405","https://www.zerozero.pt/edition_matches.php?id_edicao=156405&fase_in&equipa=0&estado=&filtro=&op=calendario&page=2","2021-09-20","21:15","SC Braga","CD Tondela","3-1","J6"
"1668125058-555","https://www.zerozero.pt/edition_matches.php?id=156405","https://www.zerozero.pt/edition_matches.php?id_edicao=156405&fase_in&equipa=0&estado=&filtro=&op=calendario&page=2","2021-09-24","19:00","Sporting","Marítimo","1-0","J7"
"1668125058-556","https://www.zerozero.pt/edition_matches.php?id=156405","https://www.zerozero.pt/edition_matches.php?id_edicao=156405&fase_in&equipa=0&estado=&filtro=&op=calendario&page=2","2021-09-24","21:15","Gil Vicente","FC Porto","1-2","J7"
"1668125058-557","https://www.zerozero.pt/edition_matches.php?id=156405","https://www.zerozero.pt/edition_matches.php?id_edicao=156405&fase_in&equipa=0&estado=&filtro=&op=calendario&page=2","2021-09-25","15:30","Moreirense","FC Arouca","2-1","J7"
"1668125058-558","https://www.zerozero.pt/edition_matches.php?id=156405","https://www.zerozero.pt/edition_matches.php?id_edicao=156405&fase_in&equipa=0&estado=&filtro=&op=calendario&page=2","2021-09-25","18:00","Vitória SC","Benfica","1-3","J7"
"1668125058-559","https://www.zerozero.pt/edition_matches.php?id=156405","https://www.zerozero.pt/edition_matches.php?id_edicao=156405&fase_in&equipa=0&estado=&filtro=&op=calendario&page=2","2021-09-25","20:30","CD Tondela","FC Famalicão","3-2","J7"
"1668125058-560","https://www.zerozero.pt/edition_matches.php?id=156405","https://www.zerozero.pt/edition_matches.php?id_edicao=156405&fase_in&equipa=0&estado=&filtro=&op=calendario&page=2","2021-09-26","18:00","Santa Clara","SC Braga","1-1","J7"
"1668125058-561","https://www.zerozero.pt/edition_matches.php?id=156405","https://www.zerozero.pt/edition_matches.php?id_edicao=156405&fase_in&equipa=0&estado=&filtro=&op=calendario&page=2","2021-09-26","20:30","Portimonense","FC Vizela","0-0","J7"
"1668125058-562","https://www.zerozero.pt/edition_matches.php?id=156405","https://www.zerozero.pt/edition_matches.php?id_edicao=156405&fase_in&equipa=0&estado=&filtro=&op=calendario&page=2","2021-09-27","19:00","Paços de Ferreira","B SAD","2-2","J7"
"1668125058-563","https://www.zerozero.pt/edition_matches.php?id=156405","https://www.zerozero.pt/edition_matches.php?id_edicao=156405&fase_in&equipa=0&estado=&filtro=&op=calendario&page=2","2021-09-27","21:15","Boavista","Estoril Praia","1-1","J7"
"1668125058-564","https://www.zerozero.pt/edition_matches.php?id=156405","https://www.zerozero.pt/edition_matches.php?id_edicao=156405&fase_in&equipa=0&estado=&filtro=&op=calendario&page=2","2021-10-01","19:00","Marítimo","Moreirense","0-0","J8"
"1668125058-565","https://www.zerozero.pt/edition_matches.php?id=156405","https://www.zerozero.pt/edition_matches.php?id_edicao=156405&fase_in&equipa=0&estado=&filtro=&op=calendario&page=2","2021-10-01","21:15","FC Famalicão","Vitória SC","1-2","J8"
"1668125058-566","https://www.zerozero.pt/edition_matches.php?id=156405","https://www.zerozero.pt/edition_matches.php?id_edicao=156405&fase_in&equipa=0&estado=&filtro=&op=calendario&page=2","2021-10-02","15:30","FC Vizela","Santa Clara","1-1","J8"
"1668125058-567","https://www.zerozero.pt/edition_matches.php?id=156405","https://www.zerozero.pt/edition_matches.php?id_edicao=156405&fase_in&equipa=0&estado=&filtro=&op=calendario&page=2","2021-10-02","18:00","FC Porto","Paços de Ferreira","2-1","J8"
"1668125058-568","https://www.zerozero.pt/edition_matches.php?id=156405","https://www.zerozero.pt/edition_matches.php?id_edicao=156405&fase_in&equipa=0&estado=&filtro=&op=calendario&page=2","2021-10-02","20:30","FC Arouca","Sporting","1-2","J8"
"1668125058-569","https://www.zerozero.pt/edition_matches.php?id=156405","https://www.zerozero.pt/edition_matches.php?id_edicao=156405&fase_in&equipa=0&estado=&filtro=&op=calendario&page=2","2021-10-03","15:30","B SAD","CD Tondela","0-2","J8"
"1668125058-570","https://www.zerozero.pt/edition_matches.php?id=156405","https://www.zerozero.pt/edition_matches.php?id_edicao=156405&fase_in&equipa=0&estado=&filtro=&op=calendario&page=2","2021-10-03","18:00","Estoril Praia","Gil Vicente","2-2","J8"
"1668125058-571","https://www.zerozero.pt/edition_matches.php?id=156405","https://www.zerozero.pt/edition_matches.php?id_edicao=156405&fase_in&equipa=0&estado=&filtro=&op=calendario&page=2","2021-10-03","18:00","Benfica","Portimonense","0-1","J8"
"1668125058-572","https://www.zerozero.pt/edition_matches.php?id=156405","https://www.zerozero.pt/edition_matches.php?id_edicao=156405&fase_in&equipa=0&estado=&filtro=&op=calendario&page=2","2021-10-03","20:30","SC Braga","Boavista","2-2","J8"
"1668125058-573","https://www.zerozero.pt/edition_matches.php?id=156405","https://www.zerozero.pt/edition_matches.php?id_edicao=156405&fase_in&equipa=0&estado=&filtro=&op=calendario&page=2","2021-10-22","20:15","Vitória SC","Marítimo","2-1","J9"
"1668125058-574","https://www.zerozero.pt/edition_matches.php?id=156405","https://www.zerozero.pt/edition_matches.php?id_edicao=156405&fase_in&equipa=0&estado=&filtro=&op=calendario&page=2","2021-10-23","15:30","Santa Clara","FC Famalicão","0-2","J9"
"1668125058-575","https://www.zerozero.pt/edition_matches.php?id=156405","https://www.zerozero.pt/edition_matches.php?id_edicao=156405&fase_in&equipa=0&estado=&filtro=&op=calendario&page=2","2021-10-23","18:00","CD Tondela","FC Porto","1-3","J9"
"1668125058-576","https://www.zerozero.pt/edition_matches.php?id=156405","https://www.zerozero.pt/edition_matches.php?id_edicao=156405&fase_in&equipa=0&estado=&filtro=&op=calendario&page=2","2021-10-23","20:30","Sporting","Moreirense","1-0","J9"
"1668125058-577","https://www.zerozero.pt/edition_matches.php?id=156405","https://www.zerozero.pt/edition_matches.php?id_edicao=156405&fase_in&equipa=0&estado=&filtro=&op=calendario&page=2","2021-10-24","15:30","Paços de Ferreira","FC Arouca","0-0","J9"
"1668125058-578","https://www.zerozero.pt/edition_matches.php?id=156405","https://www.zerozero.pt/edition_matches.php?id_edicao=156405&fase_in&equipa=0&estado=&filtro=&op=calendario&page=2","2021-10-24","18:00","FC Vizela","Benfica","0-1","J9"
"1668125058-579","https://www.zerozero.pt/edition_matches.php?id=156405","https://www.zerozero.pt/edition_matches.php?id_edicao=156405&fase_in&equipa=0&estado=&filtro=&op=calendario&page=2","2021-10-24","20:30","Portimonense","Estoril Praia","0-2","J9"
"1668125058-580","https://www.zerozero.pt/edition_matches.php?id=156405","https://www.zerozero.pt/edition_matches.php?id_edicao=156405&fase_in&equipa=0&estado=&filtro=&op=calendario&page=2","2021-10-25","19:00","Gil Vicente","SC Braga","0-1","J9"
"1668125058-581","https://www.zerozero.pt/edition_matches.php?id=156405","https://www.zerozero.pt/edition_matches.php?id_edicao=156405&fase_in&equipa=0&estado=&filtro=&op=calendario&page=2","2021-10-25","21:15","Boavista","B SAD","0-0","J9"
"1668125058-582","https://www.zerozero.pt/edition_matches.php?id=156405","https://www.zerozero.pt/edition_matches.php?id_edicao=156405&fase_in&equipa=0&estado=&filtro=&op=calendario&page=2","2021-10-29","20:15","FC Arouca","CD Tondela","2-0","J10"
"1668125058-583","https://www.zerozero.pt/edition_matches.php?id=156405","https://www.zerozero.pt/edition_matches.php?id_edicao=156405&fase_in&equipa=0&estado=&filtro=&op=calendario&page=2","2021-10-30","17:00","FC Porto","Boavista","4-1","J10"
"1668125058-584","https://www.zerozero.pt/edition_matches.php?id=156405","https://www.zerozero.pt/edition_matches.php?id_edicao=156405&fase_in&equipa=0&estado=&filtro=&op=calendario&page=2","2021-10-30","19:00","Estoril Praia","Benfica","1-1","J10"
"1668125058-585","https://www.zerozero.pt/edition_matches.php?id=156405","https://www.zerozero.pt/edition_matches.php?id_edicao=156405&fase_in&equipa=0&estado=&filtro=&op=calendario&page=2","2021-10-30","21:15","Sporting","Vitória SC","1-0","J10"
"1668125058-586","https://www.zerozero.pt/edition_matches.php?id=156405","https://www.zerozero.pt/edition_matches.php?id_edicao=156405&fase_in&equipa=0&estado=&filtro=&op=calendario&page=2","2021-10-31","15:30","Marítimo","Gil Vicente","1-2","J10"
"1668125058-587","https://www.zerozero.pt/edition_matches.php?id=156405","https://www.zerozero.pt/edition_matches.php?id_edicao=156405&fase_in&equipa=0&estado=&filtro=&op=calendario&page=2","2021-10-31","18:00","B SAD","Santa Clara","2-1","J10"
"1668125058-588","https://www.zerozero.pt/edition_matches.php?id=156405","https://www.zerozero.pt/edition_matches.php?id_edicao=156405&fase_in&equipa=0&estado=&filtro=&op=calendario&page=2","2021-10-31","20:30","FC Famalicão","FC Vizela","1-1","J10"
"1668125058-589","https://www.zerozero.pt/edition_matches.php?id=156405","https://www.zerozero.pt/edition_matches.php?id_edicao=156405&fase_in&equipa=0&estado=&filtro=&op=calendario&page=2","2021-11-01","19:00","SC Braga","Portimonense","3-0","J10"
"1668125058-590","https://www.zerozero.pt/edition_matches.php?id=156405","https://www.zerozero.pt/edition_matches.php?id_edicao=156405&fase_in&equipa=0&estado=&filtro=&op=calendario&page=2","2021-11-01","21:15","Moreirense","Paços de Ferreira","1-1","J10"
"1668125058-591","https://www.zerozero.pt/edition_matches.php?id=156405","https://www.zerozero.pt/edition_matches.php?id_edicao=156405&fase_in&equipa=0&estado=&filtro=&op=calendario&page=2","2021-11-05","19:00","Gil Vicente","FC Arouca","1-1","J11"
"1668125058-592","https://www.zerozero.pt/edition_matches.php?id=156405","https://www.zerozero.pt/edition_matches.php?id_edicao=156405&fase_in&equipa=0&estado=&filtro=&op=calendario&page=2","2021-11-05","21:15","Boavista","FC Famalicão","2-5","J11"
"1668125058-593","https://www.zerozero.pt/edition_matches.php?id=156405","https://www.zerozero.pt/edition_matches.php?id_edicao=156405&fase_in&equipa=0&estado=&filtro=&op=calendario&page=2","2021-11-06","15:30","FC Vizela","Estoril Praia","1-1","J11"
"1668125058-594","https://www.zerozero.pt/edition_matches.php?id=156405","https://www.zerozero.pt/edition_matches.php?id_edicao=156405&fase_in&equipa=0&estado=&filtro=&op=calendario&page=2","2021-11-06","18:00","Portimonense","B SAD","2-0","J11"
"1668125058-595","https://www.zerozero.pt/edition_matches.php?id=156405","https://www.zerozero.pt/edition_matches.php?id_edicao=156405&fase_in&equipa=0&estado=&filtro=&op=calendario&page=2","2021-11-06","20:30","Vitória SC","Moreirense","2-1","J11"
"1668125058-596","https://www.zerozero.pt/edition_matches.php?id=156405","https://www.zerozero.pt/edition_matches.php?id_edicao=156405&fase_in&equipa=0&estado=&filtro=&op=calendario&page=2","2021-11-07","14:00","CD Tondela","Marítimo","4-2","J11"
"1668125058-597","https://www.zerozero.pt/edition_matches.php?id=156405","https://www.zerozero.pt/edition_matches.php?id_edicao=156405&fase_in&equipa=0&estado=&filtro=&op=calendario&page=2","2021-11-07","17:00","Santa Clara","FC Porto","0-3","J11"
"1668125058-598","https://www.zerozero.pt/edition_matches.php?id=156405","https://www.zerozero.pt/edition_matches.php?id_edicao=156405&fase_in&equipa=0&estado=&filtro=&op=calendario&page=2","2021-11-07","19:00","Paços de Ferreira","Sporting","0-2","J11"
"1668125058-599","https://www.zerozero.pt/edition_matches.php?id=156405","https://www.zerozero.pt/edition_matches.php?id_edicao=156405&fase_in&equipa=0&estado=&filtro=&op=calendario&page=2","2021-11-07","21:15","Benfica","SC Braga","6-1","J11"
"1668125058-600","https://www.zerozero.pt/edition_matches.php?id=156405","https://www.zerozero.pt/edition_matches.php?id_edicao=156405&fase_in&equipa=0&estado=&filtro=&op=calendario&page=2","2021-11-26","20:15","Moreirense","Gil Vicente","2-2","J12"
